{
    "ui": {
        "parent_name": "banner",
        "ui_name": "met_76_1",
        "ui_page": "|all|",
        "ui_title": "全屏轮播",
        "ui_description": "配合76_2头部导航使用",
        "ui_issue": "0",
        "ui_order": "1",
        "ui_version": "1.0",
        "ui_creater": "",
        "ui_company": ""
    },
    "config": [
        {
            "parent_name": "banner",
            "ui_name": "met_76_1",
            "uip_type": "4",
            "uip_style": "0",
            "uip_select": "$M$开启$T$1$M$关闭$T$0",
            "uip_name": "ui_show",
            "uip_key": "ui_show",
            "uip_value": "",
            "uip_default": "1",
            "uip_title": "区块显示开关",
            "uip_description": "当前UI区块的开启关闭设置，关闭后可以在可视化编辑中开启",
            "uip_order": "0",
            "uip_hidden": "0"
        }
    ]
}