{
    "ui": {
        "parent_name": "case_list",
        "ui_name": "met_76_1",
        "ui_page": "|index|",
        "ui_title": "案例展示区块",
        "ui_description": "可全屏展示",
        "ui_issue": "0",
        "ui_order": "1",
        "ui_version": "1.0",
        "ui_creater": "",
        "ui_company": ""
    },
    "config": [
        {
            "parent_name": "case_list",
            "ui_name": "met_76_1",
            "uip_type": "4",
            "uip_style": "0",
            "uip_select": "$M$开启$T$1$M$关闭$T$0",
            "uip_name": "ui_show",
            "uip_key": "ui_show",
            "uip_value": "",
            "uip_default": "1",
            "uip_title": "区块显示开关",
            "uip_description": "当前UI区块的开启关闭设置，关闭后可以在可视化编辑中开启",
            "uip_order": "0",
            "uip_hidden": "0"
        },
        {
            "parent_name": "case_list",
            "ui_name": "met_76_1",
            "uip_type": "2",
            "uip_style": "0",
            "uip_select": "",
            "uip_name": "block_title",
            "uip_key": "block_title-1",
            "uip_value": "",
            "uip_default": "经典案例",
            "uip_title": "区块标题名称",
            "uip_description": "填0不显示",
            "uip_order": "1",
            "uip_hidden": "0"
        },
        {
            "parent_name": "case_list",
            "ui_name": "met_76_1",
            "uip_type": "2",
            "uip_style": "0",
            "uip_select": "",
            "uip_name": "block_title_sub1",
            "uip_key": "block_title_sub1",
            "uip_value": "",
            "uip_default": "jingdian",
            "uip_title": "第一段英文名称",
            "uip_description": "填0不显示",
            "uip_order": "2",
            "uip_hidden": "0"
        },
        {
            "parent_name": "case_list",
            "ui_name": "met_76_1",
            "uip_type": "2",
            "uip_style": "0",
            "uip_select": "",
            "uip_name": "block_title_sub2",
            "uip_key": "block_title_sub2",
            "uip_value": "",
            "uip_default": "case",
            "uip_title": "第二段英文名称",
            "uip_description": "填0不显示",
            "uip_order": "3",
            "uip_hidden": "0"
        },
        {
            "parent_name": "case_list",
            "ui_name": "met_76_1",
            "uip_type": "2",
            "uip_style": "0",
            "uip_select": "",
            "uip_name": "top_right_text",
            "uip_key": "top_right_text",
            "uip_value": "",
            "uip_default": "示例文字",
            "uip_title": "顶部右侧文字",
            "uip_description": "填0不显示",
            "uip_order": "4",
            "uip_hidden": "0"
        },
        {
            "parent_name": "case_list",
            "ui_name": "met_76_1",
            "uip_type": "6",
            "uip_style": "4",
            "uip_select": "",
            "uip_name": "left_id",
            "uip_key": "left_id",
            "uip_value": "",
            "uip_default": "",
            "uip_title": "左侧栏目选择",
            "uip_description": "调用内容列表标题、描述、图片",
            "uip_order": "5",
            "uip_hidden": "0"
        },
        {
            "parent_name": "case_list",
            "ui_name": "met_76_1",
            "uip_type": "2",
            "uip_style": "0",
            "uip_select": "",
            "uip_name": "left_num",
            "uip_key": "left_num",
            "uip_value": "",
            "uip_default": "3",
            "uip_title": "左侧栏目内容调用条数",
            "uip_description": "默认为3条",
            "uip_order": "6",
            "uip_hidden": "0"
        },
        {
            "parent_name": "case_list",
            "ui_name": "met_76_1",
            "uip_type": "6",
            "uip_style": "4",
            "uip_select": "",
            "uip_name": "right_id",
            "uip_key": "right_id",
            "uip_value": "",
            "uip_default": "",
            "uip_title": "右侧栏目选择",
            "uip_description": "调用下级栏目的栏目标题、栏目描述、以及栏目图片",
            "uip_order": "7",
            "uip_hidden": "0"
        },
        {
            "parent_name": "case_list",
            "ui_name": "met_76_1",
            "uip_type": "2",
            "uip_style": "0",
            "uip_select": "",
            "uip_name": "right_num",
            "uip_key": "right_num",
            "uip_value": "",
            "uip_default": "6",
            "uip_title": "右侧栏目调用条数",
            "uip_description": "默认为6条",
            "uip_order": "8",
            "uip_hidden": "0"
        },
        {
            "parent_name": "case_list",
            "ui_name": "met_76_1",
            "uip_type": "2",
            "uip_style": "0",
            "uip_select": "",
            "uip_name": "btn_text",
            "uip_key": "btn_text",
            "uip_value": "",
            "uip_default": "查看更多",
            "uip_title": "按钮文字",
            "uip_description": "默认为查看更多，填0不显示",
            "uip_order": "18",
            "uip_hidden": "0"
        },
        {
            "parent_name": "case_list",
            "ui_name": "met_76_1",
            "uip_type": "2",
            "uip_style": "0",
            "uip_select": "",
            "uip_name": "btn_link",
            "uip_key": "btn_link",
            "uip_value": "",
            "uip_default": "",
            "uip_title": "按钮跳转链接",
            "uip_description": "",
            "uip_order": "19",
            "uip_hidden": "0"
        },
        {
            "parent_name": "case_list",
            "ui_name": "met_76_1",
            "uip_type": "2",
            "uip_style": "0",
            "uip_select": "",
            "uip_name": "padding",
            "uip_key": "padding-1",
            "uip_value": "",
            "uip_default": "70",
            "uip_title": "电脑端区块边距",
            "uip_description": "默认为70px",
            "uip_order": "20",
            "uip_hidden": "0"
        },
        {
            "parent_name": "case_list",
            "ui_name": "met_76_1",
            "uip_type": "2",
            "uip_style": "0",
            "uip_select": "",
            "uip_name": "padding_p",
            "uip_key": "padding_p-1",
            "uip_value": "",
            "uip_default": "60",
            "uip_title": "平板端区块边距",
            "uip_description": "默认为60px",
            "uip_order": "21",
            "uip_hidden": "0"
        },
        {
            "parent_name": "case_list",
            "ui_name": "met_76_1",
            "uip_type": "2",
            "uip_style": "0",
            "uip_select": "",
            "uip_name": "padding_m",
            "uip_key": "padding_m-1",
            "uip_value": "",
            "uip_default": "50",
            "uip_title": "手机端区块边距",
            "uip_description": "默认为50px",
            "uip_order": "22",
            "uip_hidden": "0"
        },
        {
            "parent_name": "case_list",
            "ui_name": "met_76_1",
            "uip_type": "9",
            "uip_style": "0",
            "uip_select": "",
            "uip_name": "bgcolor",
            "uip_key": "bgcolor-1",
            "uip_value": "",
            "uip_default": "",
            "uip_title": "区块背景颜色",
            "uip_description": "默认为网站背景颜色",
            "uip_order": "30",
            "uip_hidden": "1"
        },
        {
            "parent_name": "case_list",
            "ui_name": "met_76_1",
            "uip_type": "7",
            "uip_style": "0",
            "uip_select": "",
            "uip_name": "bgpic",
            "uip_key": "bgpic",
            "uip_value": "",
            "uip_default": "",
            "uip_title": "区块背景图",
            "uip_description": "建议上传宽为1920px高自定义的图片，上传区块背景图会覆盖区块背景色",
            "uip_order": "31",
            "uip_hidden": "1"
        },
        {
            "parent_name": "case_list",
            "ui_name": "met_76_1",
            "uip_type": "9",
            "uip_style": "0",
            "uip_select": "",
            "uip_name": "block_color",
            "uip_key": "block_color-1",
            "uip_value": "",
            "uip_default": "",
            "uip_title": "区块标题颜色",
            "uip_description": "默认为模板主色调",
            "uip_order": "39",
            "uip_hidden": "1"
        },
        {
            "parent_name": "case_list",
            "ui_name": "met_76_1",
            "uip_type": "9",
            "uip_style": "0",
            "uip_select": "",
            "uip_name": "content_color",
            "uip_key": "content_color-1",
            "uip_value": "",
            "uip_default": "",
            "uip_title": "内容标题文字颜色",
            "uip_description": "默认为模板主色调",
            "uip_order": "40",
            "uip_hidden": "1"
        },
        {
            "parent_name": "case_list",
            "ui_name": "met_76_1",
            "uip_type": "9",
            "uip_style": "0",
            "uip_select": "",
            "uip_name": "content_msg_color",
            "uip_key": "content_msg_color",
            "uip_value": "",
            "uip_default": "",
            "uip_title": "内容描述文字颜色",
            "uip_description": "默认模板副色调",
            "uip_order": "41",
            "uip_hidden": "1"
        },
        {
            "parent_name": "case_list",
            "ui_name": "met_76_1",
            "uip_type": "9",
            "uip_style": "0",
            "uip_select": "",
            "uip_name": "shade_color",
            "uip_key": "shade_color",
            "uip_value": "",
            "uip_default": "",
            "uip_title": "蒙版颜色",
            "uip_description": "默认为模板配色调",
            "uip_order": "42",
            "uip_hidden": "1"
        },
        {
            "parent_name": "case_list",
            "ui_name": "met_76_1",
            "uip_type": "2",
            "uip_style": "0",
            "uip_select": "",
            "uip_name": "opacity",
            "uip_key": "opacity",
            "uip_value": "",
            "uip_default": "0.4",
            "uip_title": "蒙版透明度",
            "uip_description": "默认为0.4，取值范围0~1之间",
            "uip_order": "43",
            "uip_hidden": "1"
        },
        {
            "parent_name": "case_list",
            "ui_name": "met_76_1",
            "uip_type": "9",
            "uip_style": "0",
            "uip_select": "",
            "uip_name": "tr_bg",
            "uip_key": "tr_bg",
            "uip_value": "",
            "uip_default": "",
            "uip_title": "顶部右侧文字背景色",
            "uip_description": "默认为网站配色调",
            "uip_order": "49",
            "uip_hidden": "1"
        },
        {
            "parent_name": "case_list",
            "ui_name": "met_76_1",
            "uip_type": "9",
            "uip_style": "0",
            "uip_select": "",
            "uip_name": "tr_color",
            "uip_key": "tr_color",
            "uip_value": "",
            "uip_default": "#ffffff",
            "uip_title": "顶部右侧文字颜色",
            "uip_description": "默认为#ffffff",
            "uip_order": "50",
            "uip_hidden": "1"
        },
        {
            "parent_name": "case_list",
            "ui_name": "met_76_1",
            "uip_type": "9",
            "uip_style": "0",
            "uip_select": "",
            "uip_name": "top_btn_bg",
            "uip_key": "top_btn_bg",
            "uip_value": "",
            "uip_default": "",
            "uip_title": "顶部按钮背景色",
            "uip_description": "默认为网站配色调",
            "uip_order": "51",
            "uip_hidden": "1"
        },
        {
            "parent_name": "case_list",
            "ui_name": "met_76_1",
            "uip_type": "9",
            "uip_style": "0",
            "uip_select": "",
            "uip_name": "btn_color",
            "uip_key": "btn_color-1",
            "uip_value": "",
            "uip_default": "",
            "uip_title": "底部按钮文字颜色",
            "uip_description": "默认为模板配色调",
            "uip_order": "60",
            "uip_hidden": "1"
        },
        {
            "parent_name": "case_list",
            "ui_name": "met_76_1",
            "uip_type": "9",
            "uip_style": "0",
            "uip_select": "",
            "uip_name": "btn_bg",
            "uip_key": "btn_bg",
            "uip_value": "",
            "uip_default": "",
            "uip_title": "底部按钮边框颜色",
            "uip_description": "默认为模板配色调",
            "uip_order": "61",
            "uip_hidden": "1"
        },
        {
            "parent_name": "case_list",
            "ui_name": "met_76_1",
            "uip_type": "9",
            "uip_style": "0",
            "uip_select": "",
            "uip_name": "active_btn_color",
            "uip_key": "active_btn_color",
            "uip_value": "",
            "uip_default": "#ffffff",
            "uip_title": "鼠标经过底部按钮文字颜色",
            "uip_description": "默认为#ffffff",
            "uip_order": "62",
            "uip_hidden": "1"
        },
        {
            "parent_name": "case_list",
            "ui_name": "met_76_1",
            "uip_type": "9",
            "uip_style": "0",
            "uip_select": "",
            "uip_name": "active_btn_bg",
            "uip_key": "active_btn_bg",
            "uip_value": "",
            "uip_default": "",
            "uip_title": "鼠标经过底部按钮背景颜色",
            "uip_description": "默认为模板配色调",
            "uip_order": "63",
            "uip_hidden": "1"
        }
    ]
}