{
    "ui": {
        "parent_name": "news_list",
        "ui_name": "met_76_2",
        "ui_page": "|index|",
        "ui_title": "首页新闻区块",
        "ui_description": "配合met_76_2导航UI使用可开启全屏滚动",
        "ui_issue": "0",
        "ui_order": "1",
        "ui_version": "1.0",
        "ui_creater": "",
        "ui_company": ""
    },
    "config": [
        {
            "parent_name": "news_list",
            "ui_name": "met_76_2",
            "uip_type": "4",
            "uip_style": "0",
            "uip_select": "$M$开启$T$1$M$关闭$T$0",
            "uip_name": "ui_show",
            "uip_key": "ui_show",
            "uip_value": "",
            "uip_default": "1",
            "uip_title": "区块显示开关",
            "uip_description": "当前UI区块的开启关闭设置，关闭后可以在可视化编辑中开启",
            "uip_order": "0",
            "uip_hidden": "0"
        },
        {
            "parent_name": "news_list",
            "ui_name": "met_76_2",
            "uip_type": "6",
            "uip_style": "4",
            "uip_select": "",
            "uip_name": "id",
            "uip_key": "id-1",
            "uip_value": "",
            "uip_default": "",
            "uip_title": "栏目选择",
            "uip_description": "调用栏目标题、栏目内容列表的内容标题、内容描述、内容图片",
            "uip_order": "5",
            "uip_hidden": "0"
        },
        {
            "parent_name": "news_list",
            "ui_name": "met_76_2",
            "uip_type": "2",
            "uip_style": "0",
            "uip_select": "",
            "uip_name": "block_title_sub1",
            "uip_key": "block_title_sub1-1",
            "uip_value": "",
            "uip_default": "title",
            "uip_title": "第一个英文标题",
            "uip_description": "填0不显示",
            "uip_order": "10",
            "uip_hidden": "0"
        },
        {
            "parent_name": "news_list",
            "ui_name": "met_76_2",
            "uip_type": "2",
            "uip_style": "0",
            "uip_select": "",
            "uip_name": "block_title_sub2",
            "uip_key": "block_title_sub2-1",
            "uip_value": "",
            "uip_default": "news",
            "uip_title": "第二个英文标题",
            "uip_description": "填0不显示",
            "uip_order": "11",
            "uip_hidden": "0"
        },
        {
            "parent_name": "news_list",
            "ui_name": "met_76_2",
            "uip_type": "2",
            "uip_style": "0",
            "uip_select": "",
            "uip_name": "block_title",
            "uip_key": "block_title-1",
            "uip_value": "",
            "uip_default": "标题",
            "uip_title": "区块标题",
            "uip_description": "填0不显示",
            "uip_order": "13",
            "uip_hidden": "0"
        },
        {
            "parent_name": "news_list",
            "ui_name": "met_76_2",
            "uip_type": "9",
            "uip_style": "0",
            "uip_select": "",
            "uip_name": "bgcolor",
            "uip_key": "bgcolor-1",
            "uip_value": "",
            "uip_default": "",
            "uip_title": "区块背景色",
            "uip_description": "默认为网站背景色",
            "uip_order": "60",
            "uip_hidden": "1"
        },
        {
            "parent_name": "news_list",
            "ui_name": "met_76_2",
            "uip_type": "7",
            "uip_style": "0",
            "uip_select": "",
            "uip_name": "bgpic",
            "uip_key": "bgpic-1",
            "uip_value": "",
            "uip_default": "",
            "uip_title": "区块背景图",
            "uip_description": "请上传",
            "uip_order": "61",
            "uip_hidden": "1"
        },
        {
            "parent_name": "news_list",
            "ui_name": "met_76_2",
            "uip_type": "9",
            "uip_style": "0",
            "uip_select": "",
            "uip_name": "content_bg",
            "uip_key": "content_bg",
            "uip_value": "",
            "uip_default": "",
            "uip_title": "内容背景色",
            "uip_description": "默认为网站背景色",
            "uip_order": "62",
            "uip_hidden": "1"
        },
        {
            "parent_name": "news_list",
            "ui_name": "met_76_2",
            "uip_type": "9",
            "uip_style": "0",
            "uip_select": "",
            "uip_name": "block_color",
            "uip_key": "block_color-1",
            "uip_value": "",
            "uip_default": "",
            "uip_title": "区块标题颜色",
            "uip_description": "默认为模板主色调",
            "uip_order": "65",
            "uip_hidden": "1"
        },
        {
            "parent_name": "news_list",
            "ui_name": "met_76_2",
            "uip_type": "9",
            "uip_style": "0",
            "uip_select": "",
            "uip_name": "category_title_color",
            "uip_key": "category_title_color",
            "uip_value": "",
            "uip_default": "",
            "uip_title": "栏目标题颜色",
            "uip_description": "默认为模板副色调",
            "uip_order": "66",
            "uip_hidden": "1"
        },
        {
            "parent_name": "news_list",
            "ui_name": "met_76_2",
            "uip_type": "9",
            "uip_style": "0",
            "uip_select": "",
            "uip_name": "news_title_color",
            "uip_key": "news_title_color",
            "uip_value": "",
            "uip_default": "",
            "uip_title": "内容标题颜色",
            "uip_description": "默认为模板主色调",
            "uip_order": "67",
            "uip_hidden": "1"
        },
        {
            "parent_name": "news_list",
            "ui_name": "met_76_2",
            "uip_type": "9",
            "uip_style": "0",
            "uip_select": "",
            "uip_name": "new_msg_color",
            "uip_key": "new_msg_color",
            "uip_value": "",
            "uip_default": "",
            "uip_title": "内容描述颜色",
            "uip_description": "默认为模板副色调",
            "uip_order": "68",
            "uip_hidden": "1"
        },
        {
            "parent_name": "news_list",
            "ui_name": "met_76_2",
            "uip_type": "9",
            "uip_style": "0",
            "uip_select": "",
            "uip_name": "title_border",
            "uip_key": "title_border",
            "uip_value": "",
            "uip_default": "",
            "uip_title": "标题下边框线颜色",
            "uip_description": "默认为模板副色调",
            "uip_order": "69",
            "uip_hidden": "1"
        },
        {
            "parent_name": "news_list",
            "ui_name": "met_76_2",
            "uip_type": "2",
            "uip_style": "0",
            "uip_select": "",
            "uip_name": "img_w",
            "uip_key": "img_w",
            "uip_value": "",
            "uip_default": "640",
            "uip_title": "内容封面图片宽度",
            "uip_description": "默认为640px",
            "uip_order": "70",
            "uip_hidden": "1"
        },
        {
            "parent_name": "news_list",
            "ui_name": "met_76_2",
            "uip_type": "2",
            "uip_style": "0",
            "uip_select": "",
            "uip_name": "img_h",
            "uip_key": "img_h",
            "uip_value": "",
            "uip_default": "400",
            "uip_title": "内容封面图片高度",
            "uip_description": "默认为400px",
            "uip_order": "71",
            "uip_hidden": "1"
        },
        {
            "parent_name": "news_list",
            "ui_name": "met_76_2",
            "uip_type": "9",
            "uip_style": "0",
            "uip_select": "",
            "uip_name": "paga_bg",
            "uip_key": "paga_bg",
            "uip_value": "",
            "uip_default": "",
            "uip_title": "分页器选中状态颜色",
            "uip_description": "默认为模板配色调",
            "uip_order": "72",
            "uip_hidden": "1"
        },
        {
            "parent_name": "news_list",
            "ui_name": "met_76_2",
            "uip_type": "9",
            "uip_style": "0",
            "uip_select": "",
            "uip_name": "top_btn_bg",
            "uip_key": "top_btn_bg-1",
            "uip_value": "",
            "uip_default": "",
            "uip_title": "按钮背景色",
            "uip_description": "默认为模板配色调",
            "uip_order": "73",
            "uip_hidden": "1"
        }
    ]
}