{
    "ui": {
        "parent_name": "about_list",
        "ui_name": "met_76_2",
        "ui_page": "|index|",
        "ui_title": "首页简介区块",
        "ui_description": "左图+右简介",
        "ui_issue": "0",
        "ui_order": "1",
        "ui_version": "1.0",
        "ui_creater": "",
        "ui_company": ""
    },
    "config": [
        {
            "parent_name": "about_list",
            "ui_name": "met_76_2",
            "uip_type": "4",
            "uip_style": "0",
            "uip_select": "$M$开启$T$1$M$关闭$T$0",
            "uip_name": "ui_show",
            "uip_key": "ui_show",
            "uip_value": "",
            "uip_default": "1",
            "uip_title": "区块显示开关",
            "uip_description": "当前UI区块的开启关闭设置，关闭后可以在可视化编辑中开启",
            "uip_order": "0",
            "uip_hidden": "0"
        },
        {
            "parent_name": "about_list",
            "ui_name": "met_76_2",
            "uip_type": "2",
            "uip_style": "0",
            "uip_select": "",
            "uip_name": "title",
            "uip_key": "title",
            "uip_value": "",
            "uip_default": "标题",
            "uip_title": "区块标题名称",
            "uip_description": "填0不显示",
            "uip_order": "1",
            "uip_hidden": "0"
        },
        {
            "parent_name": "about_list",
            "ui_name": "met_76_2",
            "uip_type": "2",
            "uip_style": "0",
            "uip_select": "",
            "uip_name": "title_msg",
            "uip_key": "title_msg",
            "uip_value": "",
            "uip_default": "描述",
            "uip_title": "区块标题描述",
            "uip_description": "填0不显示",
            "uip_order": "2",
            "uip_hidden": "0"
        },
        {
            "parent_name": "about_list",
            "ui_name": "met_76_2",
            "uip_type": "4",
            "uip_style": "0",
            "uip_select": "带链接$T$1$M$纯展示$T$0",
            "uip_name": "type",
            "uip_key": "type-1",
            "uip_value": "",
            "uip_default": "1",
            "uip_title": "显示类型",
            "uip_description": "",
            "uip_order": "3",
            "uip_hidden": "0"
        },
        {
            "parent_name": "about_list",
            "ui_name": "met_76_2",
            "uip_type": "9",
            "uip_style": "0",
            "uip_select": "",
            "uip_name": "block_color",
            "uip_key": "block_color",
            "uip_value": "",
            "uip_default": "",
            "uip_title": "区块背景色",
            "uip_description": "默认为网站背景颜色",
            "uip_order": "4",
            "uip_hidden": "0"
        },
        {
            "parent_name": "about_list",
            "ui_name": "met_76_2",
            "uip_type": "7",
            "uip_style": "0",
            "uip_select": "",
            "uip_name": "block_pic",
            "uip_key": "block_pic",
            "uip_value": "",
            "uip_default": "",
            "uip_title": "区块背景图",
            "uip_description": "建议上传宽为1920px高自定义的图片，上传区块背景图会覆盖区块背景色",
            "uip_order": "5",
            "uip_hidden": "0"
        },
        {
            "parent_name": "about_list",
            "ui_name": "met_76_2",
            "uip_type": "7",
            "uip_style": "4",
            "uip_select": "",
            "uip_name": "left_img",
            "uip_key": "left_img",
            "uip_value": "",
            "uip_default": "",
            "uip_title": "左侧图片",
            "uip_description": "建议上传宽为427px，高度自定义的图片",
            "uip_order": "10",
            "uip_hidden": "0"
        },
        {
            "parent_name": "about_list",
            "ui_name": "met_76_2",
            "uip_type": "9",
            "uip_style": "0",
            "uip_select": "",
            "uip_name": "right_bg",
            "uip_key": "right_bg",
            "uip_value": "",
            "uip_default": "",
            "uip_title": "右侧内容背景颜色",
            "uip_description": "默认为网站背景颜色",
            "uip_order": "11",
            "uip_hidden": "0"
        },
        {
            "parent_name": "about_list",
            "ui_name": "met_76_2",
            "uip_type": "6",
            "uip_style": "4",
            "uip_select": "",
            "uip_name": "id",
            "uip_key": "id-1",
            "uip_value": "",
            "uip_default": "",
            "uip_title": "栏目选择",
            "uip_description": "调用栏目标题、描述以及子栏目标题、描述、栏目图片",
            "uip_order": "12",
            "uip_hidden": "0"
        },
        {
            "parent_name": "about_list",
            "ui_name": "met_76_2",
            "uip_type": "2",
            "uip_style": "0",
            "uip_select": "",
            "uip_name": "num",
            "uip_key": "num-1",
            "uip_value": "",
            "uip_default": "6",
            "uip_title": "内容调用条数",
            "uip_description": "默认为6条",
            "uip_order": "13",
            "uip_hidden": "1"
        },
        {
            "parent_name": "about_list",
            "ui_name": "met_76_2",
            "uip_type": "2",
            "uip_style": "0",
            "uip_select": "",
            "uip_name": "column_xxl",
            "uip_key": "column_xxl-1",
            "uip_value": "",
            "uip_default": "3",
            "uip_title": "大尺寸电脑端显示列数",
            "uip_description": "默认为3列",
            "uip_order": "16",
            "uip_hidden": "0"
        },
        {
            "parent_name": "about_list",
            "ui_name": "met_76_2",
            "uip_type": "2",
            "uip_style": "0",
            "uip_select": "",
            "uip_name": "column_lg",
            "uip_key": "column_lg-1",
            "uip_value": "",
            "uip_default": "3",
            "uip_title": "普通电脑端显示列数",
            "uip_description": "默认为3列",
            "uip_order": "17",
            "uip_hidden": "0"
        },
        {
            "parent_name": "about_list",
            "ui_name": "met_76_2",
            "uip_type": "2",
            "uip_style": "0",
            "uip_select": "",
            "uip_name": "column_md",
            "uip_key": "column_md-1",
            "uip_value": "",
            "uip_default": "2",
            "uip_title": "平板端显示列数",
            "uip_description": "默认为2列",
            "uip_order": "18",
            "uip_hidden": "0"
        },
        {
            "parent_name": "about_list",
            "ui_name": "met_76_2",
            "uip_type": "2",
            "uip_style": "0",
            "uip_select": "",
            "uip_name": "column_xs",
            "uip_key": "column_xs-1",
            "uip_value": "",
            "uip_default": "1",
            "uip_title": "手机端显示列数",
            "uip_description": "默认为1列",
            "uip_order": "19",
            "uip_hidden": "0"
        },
        {
            "parent_name": "about_list",
            "ui_name": "met_76_2",
            "uip_type": "2",
            "uip_style": "0",
            "uip_select": "",
            "uip_name": "padding",
            "uip_key": "padding",
            "uip_value": "",
            "uip_default": "70",
            "uip_title": "电脑端区块边距",
            "uip_description": "默认为70px",
            "uip_order": "20",
            "uip_hidden": "0"
        },
        {
            "parent_name": "about_list",
            "ui_name": "met_76_2",
            "uip_type": "2",
            "uip_style": "0",
            "uip_select": "",
            "uip_name": "padding_p",
            "uip_key": "padding_p",
            "uip_value": "",
            "uip_default": "60",
            "uip_title": "平板端区块边距",
            "uip_description": "默认为60px",
            "uip_order": "21",
            "uip_hidden": "0"
        },
        {
            "parent_name": "about_list",
            "ui_name": "met_76_2",
            "uip_type": "2",
            "uip_style": "0",
            "uip_select": "",
            "uip_name": "padding_m",
            "uip_key": "padding_m",
            "uip_value": "",
            "uip_default": "50",
            "uip_title": "手机端区块边距",
            "uip_description": "默认为50px",
            "uip_order": "22",
            "uip_hidden": "0"
        },
        {
            "parent_name": "about_list",
            "ui_name": "met_76_2",
            "uip_type": "9",
            "uip_style": "0",
            "uip_select": "",
            "uip_name": "title_color",
            "uip_key": "title_color-1",
            "uip_value": "",
            "uip_default": "",
            "uip_title": "区块标题颜色",
            "uip_description": "默认为模板主色调",
            "uip_order": "30",
            "uip_hidden": "1"
        },
        {
            "parent_name": "about_list",
            "ui_name": "met_76_2",
            "uip_type": "9",
            "uip_style": "0",
            "uip_select": "",
            "uip_name": "msg_color",
            "uip_key": "msg_color",
            "uip_value": "",
            "uip_default": "",
            "uip_title": "区块描述颜色",
            "uip_description": "默认为模板副色调",
            "uip_order": "31",
            "uip_hidden": "1"
        },
        {
            "parent_name": "about_list",
            "ui_name": "met_76_2",
            "uip_type": "9",
            "uip_style": "0",
            "uip_select": "",
            "uip_name": "lm_title_color",
            "uip_key": "lm_title_color-1",
            "uip_value": "",
            "uip_default": "",
            "uip_title": "栏目标题颜色",
            "uip_description": "默认为模板主色调",
            "uip_order": "32",
            "uip_hidden": "1"
        },
        {
            "parent_name": "about_list",
            "ui_name": "met_76_2",
            "uip_type": "9",
            "uip_style": "0",
            "uip_select": "",
            "uip_name": "lm_msg_color",
            "uip_key": "lm_msg_color-1",
            "uip_value": "",
            "uip_default": "",
            "uip_title": "栏目描述颜色",
            "uip_description": "默认为模板副色调",
            "uip_order": "35",
            "uip_hidden": "1"
        },
        {
            "parent_name": "about_list",
            "ui_name": "met_76_2",
            "uip_type": "9",
            "uip_style": "0",
            "uip_select": "",
            "uip_name": "con_title_color",
            "uip_key": "con_title_color",
            "uip_value": "",
            "uip_default": "",
            "uip_title": "内容标题颜色",
            "uip_description": "默认为模板主色调",
            "uip_order": "36",
            "uip_hidden": "1"
        },
        {
            "parent_name": "about_list",
            "ui_name": "met_76_2",
            "uip_type": "9",
            "uip_style": "0",
            "uip_select": "",
            "uip_name": "con_msg_color",
            "uip_key": "con_msg_color",
            "uip_value": "",
            "uip_default": "",
            "uip_title": "内容描述颜色",
            "uip_description": "默认为模板副色调",
            "uip_order": "37",
            "uip_hidden": "1"
        },
        {
            "parent_name": "about_list",
            "ui_name": "met_76_2",
            "uip_type": "9",
            "uip_style": "0",
            "uip_select": "",
            "uip_name": "border_one",
            "uip_key": "border_one",
            "uip_value": "",
            "uip_default": "",
            "uip_title": "长线条颜色",
            "uip_description": "默认为模板副色调",
            "uip_order": "38",
            "uip_hidden": "1"
        },
        {
            "parent_name": "about_list",
            "ui_name": "met_76_2",
            "uip_type": "9",
            "uip_style": "0",
            "uip_select": "",
            "uip_name": "border_two",
            "uip_key": "border_two",
            "uip_value": "",
            "uip_default": "",
            "uip_title": "短线条颜色",
            "uip_description": "默认为模板配色调",
            "uip_order": "39",
            "uip_hidden": "1"
        }
    ]
}