{
    "ui": {
        "parent_name": "head_nav",
        "ui_name": "met_76_2",
        "ui_page": "|head|",
        "ui_title": "固定导航",
        "ui_description": "配合内容全屏滚动使用",
        "ui_issue": "0",
        "ui_order": "1",
        "ui_version": "1.0",
        "ui_creater": "",
        "ui_company": ""
    },
    "config": [
        {
            "parent_name": "head_nav",
            "ui_name": "met_76_2",
            "uip_type": "4",
            "uip_style": "0",
            "uip_select": "$M$开启$T$1$M$关闭$T$0",
            "uip_name": "ui_show",
            "uip_key": "ui_show",
            "uip_value": "",
            "uip_default": "1",
            "uip_title": "区块显示开关",
            "uip_description": "当前UI区块的开启关闭设置，关闭后可以在可视化编辑中开启",
            "uip_order": "0",
            "uip_hidden": "0"
        },
        {
            "parent_name": "head_nav",
            "ui_name": "met_76_2",
            "uip_type": "2",
            "uip_style": "0",
            "uip_select": "",
            "uip_name": "nav_padding",
            "uip_key": "nav_padding",
            "uip_value": "",
            "uip_default": "20",
            "uip_title": "导航栏菜单左右间距",
            "uip_description": "默认为20px",
            "uip_order": "10",
            "uip_hidden": "0"
        },
        {
            "parent_name": "head_nav",
            "ui_name": "met_76_2",
            "uip_type": "9",
            "uip_style": "0",
            "uip_select": "",
            "uip_name": "bgcolor",
            "uip_key": "bgcolor-1",
            "uip_value": "",
            "uip_default": "",
            "uip_title": "区块背景色",
            "uip_description": "默认为网站背景色",
            "uip_order": "60",
            "uip_hidden": "1"
        },
        {
            "parent_name": "head_nav",
            "ui_name": "met_76_2",
            "uip_type": "7",
            "uip_style": "0",
            "uip_select": "",
            "uip_name": "bgpic",
            "uip_key": "bgpic-1",
            "uip_value": "",
            "uip_default": "",
            "uip_title": "区块背景图",
            "uip_description": "建议上传宽为1920px，高自定义的图片",
            "uip_order": "61",
            "uip_hidden": "1"
        },
        {
            "parent_name": "head_nav",
            "ui_name": "met_76_2",
            "uip_type": "9",
            "uip_style": "0",
            "uip_select": "",
            "uip_name": "nav_color",
            "uip_key": "nav_color",
            "uip_value": "",
            "uip_default": "",
            "uip_title": "导航栏文字颜色",
            "uip_description": "默认为模板主色调",
            "uip_order": "62",
            "uip_hidden": "1"
        },
        {
            "parent_name": "head_nav",
            "ui_name": "met_76_2",
            "uip_type": "9",
            "uip_style": "0",
            "uip_select": "",
            "uip_name": "active_nav_bg",
            "uip_key": "active_nav_bg",
            "uip_value": "",
            "uip_default": "",
            "uip_title": "导航栏选中背景色",
            "uip_description": "默认为模板配色调",
            "uip_order": "63",
            "uip_hidden": "1"
        },
        {
            "parent_name": "head_nav",
            "ui_name": "met_76_2",
            "uip_type": "9",
            "uip_style": "0",
            "uip_select": "",
            "uip_name": "active_nav_color",
            "uip_key": "active_nav_color",
            "uip_value": "",
            "uip_default": "#ffffff",
            "uip_title": "导航栏选中文字颜色",
            "uip_description": "默认为#ffffff",
            "uip_order": "64",
            "uip_hidden": "1"
        },
        {
            "parent_name": "head_nav",
            "ui_name": "met_76_2",
            "uip_type": "9",
            "uip_style": "0",
            "uip_select": "",
            "uip_name": "spinner_bg",
            "uip_key": "spinner_bg",
            "uip_value": "",
            "uip_default": "",
            "uip_title": "下拉列表背景颜色",
            "uip_description": "默认为网站背景色",
            "uip_order": "70",
            "uip_hidden": "1"
        }
    ]
}