{
    "ui": {
        "parent_name": "subcolumn_nav",
        "ui_name": "met_76_1",
        "ui_page": "|show|news|product|img|download|job|message_index|feedback|",
        "ui_title": "内页二级导航",
        "ui_description": "",
        "ui_issue": "0",
        "ui_order": "1",
        "ui_version": "1.0",
        "ui_creater": "",
        "ui_company": ""
    },
    "config": [
        {
            "parent_name": "subcolumn_nav",
            "ui_name": "met_76_1",
            "uip_type": "4",
            "uip_style": "0",
            "uip_select": "$M$开启$T$1$M$关闭$T$0",
            "uip_name": "ui_show",
            "uip_key": "ui_show",
            "uip_value": "",
            "uip_default": "1",
            "uip_title": "区块显示开关",
            "uip_description": "当前UI区块的开启关闭设置，关闭后可以在可视化编辑中开启",
            "uip_order": "0",
            "uip_hidden": "0"
        },
        {
            "parent_name": "subcolumn_nav",
            "ui_name": "met_76_1",
            "uip_type": "2",
            "uip_style": "0",
            "uip_select": "",
            "uip_name": "select_all",
            "uip_key": "select_all-1",
            "uip_value": "",
            "uip_default": "全部",
            "uip_title": "下拉菜单全部选项文字",
            "uip_description": "默认为“全部”",
            "uip_order": "5",
            "uip_hidden": "0"
        },
        {
            "parent_name": "subcolumn_nav",
            "ui_name": "met_76_1",
            "uip_type": "9",
            "uip_style": "0",
            "uip_select": "",
            "uip_name": "nav_bg_color",
            "uip_key": "nav_bg_color",
            "uip_value": "",
            "uip_default": "",
            "uip_title": "区块背景颜色",
            "uip_description": "默认为网站背景色",
            "uip_order": "6",
            "uip_hidden": "1"
        },
        {
            "parent_name": "subcolumn_nav",
            "ui_name": "met_76_1",
            "uip_type": "7",
            "uip_style": "0",
            "uip_select": "",
            "uip_name": "nav_bg_img",
            "uip_key": "nav_bg_img-1",
            "uip_value": "",
            "uip_default": "",
            "uip_title": "区块背景图",
            "uip_description": "建议上传宽为1920px高自定义的图片，上传区块背景图会覆盖区块背景色",
            "uip_order": "7",
            "uip_hidden": "0"
        },
        {
            "parent_name": "subcolumn_nav",
            "ui_name": "met_76_1",
            "uip_type": "9",
            "uip_style": "0",
            "uip_select": "",
            "uip_name": "border_color",
            "uip_key": "border_color",
            "uip_value": "",
            "uip_default": "#ffffff",
            "uip_title": "栏目分割线颜色",
            "uip_description": "默认为#ffffff",
            "uip_order": "8",
            "uip_hidden": "1"
        },
        {
            "parent_name": "subcolumn_nav",
            "ui_name": "met_76_1",
            "uip_type": "7",
            "uip_style": "0",
            "uip_select": "",
            "uip_name": "border_img",
            "uip_key": "border_img",
            "uip_value": "",
            "uip_default": "",
            "uip_title": "栏目分割线图片",
            "uip_description": "建议上传宽为1px高自定义的图片，上传栏目分割线图片会覆盖栏目分割线颜色",
            "uip_order": "9",
            "uip_hidden": "0"
        },
        {
            "parent_name": "subcolumn_nav",
            "ui_name": "met_76_1",
            "uip_type": "9",
            "uip_style": "0",
            "uip_select": "",
            "uip_name": "item_color",
            "uip_key": "item_color",
            "uip_value": "",
            "uip_default": "",
            "uip_title": "栏目标题颜色",
            "uip_description": "默认为网站主色调",
            "uip_order": "10",
            "uip_hidden": "1"
        },
        {
            "parent_name": "subcolumn_nav",
            "ui_name": "met_76_1",
            "uip_type": "9",
            "uip_style": "0",
            "uip_select": "",
            "uip_name": "active_color",
            "uip_key": "active_color",
            "uip_value": "",
            "uip_default": "",
            "uip_title": "选中栏目背景色",
            "uip_description": "默认为网站配色调",
            "uip_order": "11",
            "uip_hidden": "1"
        },
        {
            "parent_name": "subcolumn_nav",
            "ui_name": "met_76_1",
            "uip_type": "7",
            "uip_style": "0",
            "uip_select": "",
            "uip_name": "active_img",
            "uip_key": "active_img",
            "uip_value": "",
            "uip_default": "",
            "uip_title": "选中栏目背景图",
            "uip_description": "上传图片会覆盖选中栏目背景颜色",
            "uip_order": "12",
            "uip_hidden": "0"
        },
        {
            "parent_name": "subcolumn_nav",
            "ui_name": "met_76_1",
            "uip_type": "9",
            "uip_style": "0",
            "uip_select": "",
            "uip_name": "item_active_color",
            "uip_key": "item_active_color",
            "uip_value": "",
            "uip_default": "#ffffff",
            "uip_title": "选中栏目标题颜色",
            "uip_description": "默认为#ffffff",
            "uip_order": "13",
            "uip_hidden": "1"
        },
        {
            "parent_name": "subcolumn_nav",
            "ui_name": "met_76_1",
            "uip_type": "9",
            "uip_style": "0",
            "uip_select": "",
            "uip_name": "select_bg",
            "uip_key": "select_bg-1",
            "uip_value": "",
            "uip_default": "",
            "uip_title": "下拉列表背景颜色",
            "uip_description": "默认为网站背景色",
            "uip_order": "14",
            "uip_hidden": "1"
        },
        {
            "parent_name": "subcolumn_nav",
            "ui_name": "met_76_1",
            "uip_type": "9",
            "uip_style": "0",
            "uip_select": "",
            "uip_name": "select_color",
            "uip_key": "select_color-1",
            "uip_value": "",
            "uip_default": "",
            "uip_title": "下拉列表文字颜色",
            "uip_description": "默认为网站副色调",
            "uip_order": "15",
            "uip_hidden": "1"
        },
        {
            "parent_name": "subcolumn_nav",
            "ui_name": "met_76_1",
            "uip_type": "9",
            "uip_style": "0",
            "uip_select": "",
            "uip_name": "select_bg_active",
            "uip_key": "select_bg_active-1",
            "uip_value": "",
            "uip_default": "",
            "uip_title": "选中下拉列表颜色",
            "uip_description": "默认为网站配色调",
            "uip_order": "16",
            "uip_hidden": "1"
        },
        {
            "parent_name": "subcolumn_nav",
            "ui_name": "met_76_1",
            "uip_type": "9",
            "uip_style": "0",
            "uip_select": "",
            "uip_name": "select_color_active",
            "uip_key": "select_color_active-1",
            "uip_value": "",
            "uip_default": "#ffffff",
            "uip_title": "选中下拉列表文字颜色",
            "uip_description": "默认为#ffffff",
            "uip_order": "17",
            "uip_hidden": "1"
        }
    ]
}