{
    "ui": {
        "parent_name": "head_nav",
        "ui_name": "met_76_1",
        "ui_page": "|head|",
        "ui_title": "头部导航（可展示1级、2级、3级栏目）",
        "ui_description": "头部导航（可展示1级、2级、3级栏目）",
        "ui_issue": "0",
        "ui_order": "1",
        "ui_version": "1.0",
        "ui_creater": "",
        "ui_company": ""
    },
    "config": [
        {
            "parent_name": "head_nav",
            "ui_name": "met_76_1",
            "uip_type": "4",
            "uip_style": "0",
            "uip_select": "$M$开启$T$1$M$关闭$T$0",
            "uip_name": "ui_show",
            "uip_key": "ui_show",
            "uip_value": "",
            "uip_default": "1",
            "uip_title": "区块显示开关",
            "uip_description": "当前UI区块的开启关闭设置，关闭后可以在可视化编辑中开启",
            "uip_order": "0",
            "uip_hidden": "0"
        },
        {
            "parent_name": "head_nav",
            "ui_name": "met_76_1",
            "uip_type": "4",
            "uip_style": "0",
            "uip_select": "固定$T$1$M$不固定$T$0",
            "uip_name": "navfixed_ok",
            "uip_key": "navfixed_ok",
            "uip_value": "",
            "uip_default": "1",
            "uip_title": "导航固定",
            "uip_description": "固定状态下页面往下滚动时，导航也会跟随。",
            "uip_order": "5",
            "uip_hidden": "0"
        },
        {
            "parent_name": "head_nav",
            "ui_name": "met_76_1",
            "uip_type": "2",
            "uip_style": "0",
            "uip_select": "",
            "uip_name": "placeholder",
            "uip_key": "placeholder",
            "uip_value": "",
            "uip_default": "请输入关键词",
            "uip_title": "搜索框提示文字",
            "uip_description": "",
            "uip_order": "10",
            "uip_hidden": "0"
        },
        {
            "parent_name": "head_nav",
            "ui_name": "met_76_1",
            "uip_type": "2",
            "uip_style": "0",
            "uip_select": "",
            "uip_name": "top_left_text",
            "uip_key": "top_left_text",
            "uip_value": "",
            "uip_default": "",
            "uip_title": "顶部功能区左侧文字",
            "uip_description": "填0不显示",
            "uip_order": "15",
            "uip_hidden": "0"
        },
        {
            "parent_name": "head_nav",
            "ui_name": "met_76_1",
            "uip_type": "3",
            "uip_style": "0",
            "uip_select": "",
            "uip_name": "hide",
            "uip_key": "hide-1",
            "uip_value": "",
            "uip_default": "",
            "uip_title": "禁止下拉菜单",
            "uip_description": "禁止显示栏目下拉菜单，添加多个栏目菜单以\"|\"分割，填写格式为：xxx|xxx",
            "uip_order": "20",
            "uip_hidden": "0"
        },
        {
            "parent_name": "head_nav",
            "ui_name": "met_76_1",
            "uip_type": "4",
            "uip_style": "0",
            "uip_select": "开启$T$1$M$关闭$T$0",
            "uip_name": "lang_ok",
            "uip_key": "lang_ok",
            "uip_value": "",
            "uip_default": "0",
            "uip_title": "多语言",
            "uip_description": "在系统开启语言切换的前提下进行设置",
            "uip_order": "25",
            "uip_hidden": "0"
        },
        {
            "parent_name": "head_nav",
            "ui_name": "met_76_1",
            "uip_type": "4",
            "uip_style": "0",
            "uip_select": "开启$T$1$M$关闭$T$0",
            "uip_name": "search",
            "uip_key": "search",
            "uip_value": "",
            "uip_default": "1",
            "uip_title": "搜索开关",
            "uip_description": "",
            "uip_order": "30",
            "uip_hidden": "0"
        },
        {
            "parent_name": "head_nav",
            "ui_name": "met_76_1",
            "uip_type": "2",
            "uip_style": "0",
            "uip_select": "",
            "uip_name": "search_tips",
            "uip_key": "search_tips",
            "uip_value": "",
            "uip_default": "不能为空",
            "uip_title": "搜索框为空提示文字",
            "uip_description": "默认为“不能为空”",
            "uip_order": "35",
            "uip_hidden": "0"
        },
        {
            "parent_name": "head_nav",
            "ui_name": "met_76_1",
            "uip_type": "4",
            "uip_style": "0",
            "uip_select": "开启$T$1$M$关闭$T$0",
            "uip_name": "langlist_icon_ok",
            "uip_key": "langlist_icon_ok",
            "uip_value": "",
            "uip_default": "0",
            "uip_title": "语言国旗开关",
            "uip_description": "",
            "uip_order": "40",
            "uip_hidden": "0"
        },
        {
            "parent_name": "head_nav",
            "ui_name": "met_76_1",
            "uip_type": "4",
            "uip_style": "0",
            "uip_select": "开启$T$1$M$关闭$T$0",
            "uip_name": "simplified",
            "uip_key": "simplified",
            "uip_value": "",
            "uip_default": "0",
            "uip_title": "简繁体切换",
            "uip_description": "在系统开启简繁体切换的前提下进行设置",
            "uip_order": "45",
            "uip_hidden": "0"
        },
        {
            "parent_name": "head_nav",
            "ui_name": "met_76_1",
            "uip_type": "4",
            "uip_style": "0",
            "uip_select": "开启$T$1$M$关闭$T$0",
            "uip_name": "member",
            "uip_key": "member",
            "uip_value": "",
            "uip_default": "0",
            "uip_title": "会员注册开关",
            "uip_description": "在系统会员注册开启的前提下进行设置",
            "uip_order": "50",
            "uip_hidden": "0"
        },
        {
            "parent_name": "head_nav",
            "ui_name": "met_76_1",
            "uip_type": "4",
            "uip_style": "0",
            "uip_select": "浮动$T$1$M$不浮动$T$0",
            "uip_name": "nav_float",
            "uip_key": "nav_float",
            "uip_value": "",
            "uip_default": "0",
            "uip_title": "是否浮动在banner上面",
            "uip_description": "默认不浮动,该设置针对不固定模式下的内页起效果",
            "uip_order": "55",
            "uip_hidden": "0"
        },
        {
            "parent_name": "head_nav",
            "ui_name": "met_76_1",
            "uip_type": "2",
            "uip_style": "0",
            "uip_select": "",
            "uip_name": "select_all",
            "uip_key": "select_all",
            "uip_value": "",
            "uip_default": "全部",
            "uip_title": "下拉菜单全部选项文字",
            "uip_description": "默认为“全部”,手机端有效",
            "uip_order": "56",
            "uip_hidden": "0"
        },
        {
            "parent_name": "head_nav",
            "ui_name": "met_76_1",
            "uip_type": "2",
            "uip_style": "0",
            "uip_select": "",
            "uip_name": "pb_nav_ml",
            "uip_key": "pb_nav_ml",
            "uip_value": "",
            "uip_default": "10",
            "uip_title": "平板端导航间距",
            "uip_description": "默认为10px，手机端布局改变，不需要调整间距",
            "uip_order": "60",
            "uip_hidden": "0"
        },
        {
            "parent_name": "head_nav",
            "ui_name": "met_76_1",
            "uip_type": "2",
            "uip_style": "0",
            "uip_select": "",
            "uip_name": "nav_ml",
            "uip_key": "nav_ml-1",
            "uip_value": "",
            "uip_default": "20",
            "uip_title": "电脑端导航间距",
            "uip_description": "仅支持5的倍数（0\/5\/10\/15\/20...最大50）<br\/>不同网站的导航数量不同，根据需求适当调整间距，让网站更协调。",
            "uip_order": "65",
            "uip_hidden": "0"
        },
        {
            "parent_name": "head_nav",
            "ui_name": "met_76_1",
            "uip_type": "9",
            "uip_style": "0",
            "uip_select": "",
            "uip_name": "top_bg_color",
            "uip_key": "top_bg_color",
            "uip_value": "",
            "uip_default": "",
            "uip_title": "顶部功能区背景颜色",
            "uip_description": "默认为网站背景色，只对内页导航不浮动在banner上时有效",
            "uip_order": "70",
            "uip_hidden": "1"
        },
        {
            "parent_name": "head_nav",
            "ui_name": "met_76_1",
            "uip_type": "9",
            "uip_style": "0",
            "uip_select": "",
            "uip_name": "fixed_nav_bg",
            "uip_key": "fixed_nav_bg",
            "uip_value": "",
            "uip_default": "",
            "uip_title": "导航固定时背景颜色",
            "uip_description": "默认为网站配色调",
            "uip_order": "75",
            "uip_hidden": "1"
        },
        {
            "parent_name": "head_nav",
            "ui_name": "met_76_1",
            "uip_type": "9",
            "uip_style": "0",
            "uip_select": "",
            "uip_name": "fixed_nav_color",
            "uip_key": "fixed_nav_color",
            "uip_value": "",
            "uip_default": "",
            "uip_title": "导航固定时文字颜色",
            "uip_description": "默认为模板主色调",
            "uip_order": "80",
            "uip_hidden": "1"
        },
        {
            "parent_name": "head_nav",
            "ui_name": "met_76_1",
            "uip_type": "9",
            "uip_style": "0",
            "uip_select": "",
            "uip_name": "nav_bg",
            "uip_key": "nav_bg",
            "uip_value": "",
            "uip_default": "",
            "uip_title": "导航栏背景颜色",
            "uip_description": "默认为网站背景颜色，只对内页导航不浮动在banner上时有效",
            "uip_order": "85",
            "uip_hidden": "1"
        },
        {
            "parent_name": "head_nav",
            "ui_name": "met_76_1",
            "uip_type": "9",
            "uip_style": "0",
            "uip_select": "",
            "uip_name": "nav_top_border",
            "uip_key": "nav_top_border",
            "uip_value": "",
            "uip_default": "",
            "uip_title": "导航顶部线条颜色",
            "uip_description": "默认为网站副色调",
            "uip_order": "86",
            "uip_hidden": "1"
        },
        {
            "parent_name": "head_nav",
            "ui_name": "met_76_1",
            "uip_type": "9",
            "uip_style": "0",
            "uip_select": "",
            "uip_name": "topcolor",
            "uip_key": "topcolor",
            "uip_value": "",
            "uip_default": "",
            "uip_title": "顶部功能区文字颜色",
            "uip_description": "默认为网页副色调",
            "uip_order": "90",
            "uip_hidden": "1"
        },
        {
            "parent_name": "head_nav",
            "ui_name": "met_76_1",
            "uip_type": "9",
            "uip_style": "0",
            "uip_select": "",
            "uip_name": "navcolor",
            "uip_key": "navcolor",
            "uip_value": "",
            "uip_default": "",
            "uip_title": "一级栏目文字颜色",
            "uip_description": "默认为模板主色调",
            "uip_order": "100",
            "uip_hidden": "1"
        },
        {
            "parent_name": "head_nav",
            "ui_name": "met_76_1",
            "uip_type": "9",
            "uip_style": "0",
            "uip_select": "",
            "uip_name": "twocolor",
            "uip_key": "twocolor",
            "uip_value": "",
            "uip_default": "",
            "uip_title": "二级栏目文字颜色",
            "uip_description": "默认为模板副色调",
            "uip_order": "105",
            "uip_hidden": "1"
        },
        {
            "parent_name": "head_nav",
            "ui_name": "met_76_1",
            "uip_type": "9",
            "uip_style": "0",
            "uip_select": "",
            "uip_name": "three",
            "uip_key": "three",
            "uip_value": "",
            "uip_default": "",
            "uip_title": "三级栏目文字颜色",
            "uip_description": "默认为模板副色调",
            "uip_order": "110",
            "uip_hidden": "1"
        },
        {
            "parent_name": "head_nav",
            "ui_name": "met_76_1",
            "uip_type": "9",
            "uip_style": "0",
            "uip_select": "",
            "uip_name": "menubgcolor",
            "uip_key": "menubgcolor",
            "uip_value": "",
            "uip_default": "",
            "uip_title": "下拉菜单背景色",
            "uip_description": "默认为网页背景色",
            "uip_order": "115",
            "uip_hidden": "1"
        },
        {
            "parent_name": "head_nav",
            "ui_name": "met_76_1",
            "uip_type": "9",
            "uip_style": "0",
            "uip_select": "",
            "uip_name": "mb_border_color",
            "uip_key": "mb_border_color",
            "uip_value": "",
            "uip_default": "",
            "uip_title": "手机端侧边栏列表边框线",
            "uip_description": "默认为网站副色调",
            "uip_order": "120",
            "uip_hidden": "1"
        },
        {
            "parent_name": "head_nav",
            "ui_name": "met_76_1",
            "uip_type": "9",
            "uip_style": "0",
            "uip_select": "",
            "uip_name": "hovernavcolor",
            "uip_key": "hovernavcolor",
            "uip_value": "",
            "uip_default": "",
            "uip_title": "鼠标经过导航文字颜色",
            "uip_description": "默认为模板配色调",
            "uip_order": "125",
            "uip_hidden": "1"
        },
        {
            "parent_name": "head_nav",
            "ui_name": "met_76_1",
            "uip_type": "9",
            "uip_style": "0",
            "uip_select": "",
            "uip_name": "input_font_color",
            "uip_key": "input_font_color",
            "uip_value": "",
            "uip_default": "",
            "uip_title": "搜索框文字颜色",
            "uip_description": "默认为网站副色调",
            "uip_order": "130",
            "uip_hidden": "1"
        },
        {
            "parent_name": "head_nav",
            "ui_name": "met_76_1",
            "uip_type": "9",
            "uip_style": "0",
            "uip_select": "",
            "uip_name": "input_bg_color",
            "uip_key": "input_bg_color",
            "uip_value": "",
            "uip_default": "#ffffff",
            "uip_title": "搜索框背景颜色",
            "uip_description": "默认为#ffffff",
            "uip_order": "135",
            "uip_hidden": "1"
        },
        {
            "parent_name": "head_nav",
            "ui_name": "met_76_1",
            "uip_type": "9",
            "uip_style": "0",
            "uip_select": "",
            "uip_name": "login_border",
            "uip_key": "login_border",
            "uip_value": "",
            "uip_default": "",
            "uip_title": "登录按钮边框颜色",
            "uip_description": "默认为网站配色调",
            "uip_order": "140",
            "uip_hidden": "1"
        },
        {
            "parent_name": "head_nav",
            "ui_name": "met_76_1",
            "uip_type": "9",
            "uip_style": "0",
            "uip_select": "",
            "uip_name": "search_btn_bg",
            "uip_key": "search_btn_bg",
            "uip_value": "",
            "uip_default": "",
            "uip_title": "搜索按钮背景颜色",
            "uip_description": "默认为网页配色调",
            "uip_order": "145",
            "uip_hidden": "1"
        },
        {
            "parent_name": "head_nav",
            "ui_name": "met_76_1",
            "uip_type": "9",
            "uip_style": "0",
            "uip_select": "",
            "uip_name": "login_color",
            "uip_key": "login_color",
            "uip_value": "",
            "uip_default": "",
            "uip_title": "登录按钮字体颜色",
            "uip_description": "默认为网站配色调",
            "uip_order": "150",
            "uip_hidden": "1"
        },
        {
            "parent_name": "head_nav",
            "ui_name": "met_76_1",
            "uip_type": "9",
            "uip_style": "0",
            "uip_select": "",
            "uip_name": "search_icon_color",
            "uip_key": "search_icon_color",
            "uip_value": "",
            "uip_default": "#ffffff",
            "uip_title": "搜索按钮图标颜色",
            "uip_description": "默认为#ffffff",
            "uip_order": "155",
            "uip_hidden": "1"
        },
        {
            "parent_name": "head_nav",
            "ui_name": "met_76_1",
            "uip_type": "9",
            "uip_style": "0",
            "uip_select": "",
            "uip_name": "sign_bg",
            "uip_key": "sign_bg",
            "uip_value": "",
            "uip_default": "",
            "uip_title": "注册按钮背景色",
            "uip_description": "默认为网站配色调",
            "uip_order": "160",
            "uip_hidden": "1"
        },
        {
            "parent_name": "head_nav",
            "ui_name": "met_76_1",
            "uip_type": "9",
            "uip_style": "0",
            "uip_select": "",
            "uip_name": "sign_color",
            "uip_key": "sign_color",
            "uip_value": "",
            "uip_default": "#ffffff",
            "uip_title": "注册按钮字体颜色",
            "uip_description": "默认为#ffffff",
            "uip_order": "165",
            "uip_hidden": "1"
        },
        {
            "parent_name": "head_nav",
            "ui_name": "met_76_1",
            "uip_type": "9",
            "uip_style": "0",
            "uip_select": "",
            "uip_name": "select_bg",
            "uip_key": "select_bg",
            "uip_value": "",
            "uip_default": "",
            "uip_title": "下拉列表背景色",
            "uip_description": "默认为网站背景颜色，例如多语言和会员中心下拉",
            "uip_order": "170",
            "uip_hidden": "1"
        },
        {
            "parent_name": "head_nav",
            "ui_name": "met_76_1",
            "uip_type": "9",
            "uip_style": "0",
            "uip_select": "",
            "uip_name": "select_color",
            "uip_key": "select_color",
            "uip_value": "",
            "uip_default": "",
            "uip_title": "下拉列表文字颜色",
            "uip_description": "默认为网站副色调，例如多语言和会员中心下拉",
            "uip_order": "175",
            "uip_hidden": "1"
        },
        {
            "parent_name": "head_nav",
            "ui_name": "met_76_1",
            "uip_type": "9",
            "uip_style": "0",
            "uip_select": "",
            "uip_name": "select_bg_active",
            "uip_key": "select_bg_active",
            "uip_value": "",
            "uip_default": "",
            "uip_title": "下拉列表选中背景颜色",
            "uip_description": "默认为网站配色调，例如多语言和会员中心下拉",
            "uip_order": "180",
            "uip_hidden": "1"
        },
        {
            "parent_name": "head_nav",
            "ui_name": "met_76_1",
            "uip_type": "9",
            "uip_style": "0",
            "uip_select": "",
            "uip_name": "select_color_active",
            "uip_key": "select_color_active",
            "uip_value": "",
            "uip_default": "#ffffff",
            "uip_title": "下拉列表选中文字颜色",
            "uip_description": "默认为#ffffff，例如多语言和会员中心下拉",
            "uip_order": "185",
            "uip_hidden": "1"
        }
    ]
}