{
    "ui": {
        "parent_name": "head_nav",
        "ui_name": "met_76_2",
        "ui_page": "|head|",
        "ui_title": "固定导航",
        "ui_description": "带全屏滚动效果",
        "ui_issue": "0",
        "ui_order": "1",
        "ui_version": "1.0",
        "ui_creater": "",
        "ui_company": ""
    },
    "config": [
        {
            "parent_name": "head_nav",
            "ui_name": "met_76_2",
            "uip_type": "4",
            "uip_style": "0",
            "uip_select": "$M$开启$T$1$M$关闭$T$0",
            "uip_name": "ui_show",
            "uip_key": "ui_show",
            "uip_value": "",
            "uip_default": "1",
            "uip_title": "区块显示开关",
            "uip_description": "当前UI区块的开启关闭设置，关闭后可以在可视化编辑中开启",
            "uip_order": "0",
            "uip_hidden": "0"
        },
        {
            "parent_name": "head_nav",
            "ui_name": "met_76_2",
            "uip_type": "4",
            "uip_style": "0",
            "uip_select": "开启$T$1$M$关闭$T$0",
            "uip_name": "is_scroll",
            "uip_key": "is_scroll",
            "uip_value": "",
            "uip_default": "0",
            "uip_title": "全屏滚动",
            "uip_description": "",
            "uip_order": "9",
            "uip_hidden": "0"
        },
        {
            "parent_name": "head_nav",
            "ui_name": "met_76_2",
            "uip_type": "2",
            "uip_style": "0",
            "uip_select": "",
            "uip_name": "nav_padding",
            "uip_key": "nav_padding",
            "uip_value": "",
            "uip_default": "20",
            "uip_title": "导航栏菜单左右间距",
            "uip_description": "默认为20px",
            "uip_order": "10",
            "uip_hidden": "0"
        },
        {
            "parent_name": "head_nav",
            "ui_name": "met_76_2",
            "uip_type": "4",
            "uip_style": "0",
            "uip_select": "开启$T$1$M$关闭$T$0",
            "uip_name": "langlist_icon_ok",
            "uip_key": "langlist_icon_ok",
            "uip_value": "",
            "uip_default": "0",
            "uip_title": "国旗开关",
            "uip_description": "",
            "uip_order": "14",
            "uip_hidden": "0"
        },
        {
            "parent_name": "head_nav",
            "ui_name": "met_76_2",
            "uip_type": "4",
            "uip_style": "0",
            "uip_select": "开启$T$1$M$关闭$T$0",
            "uip_name": "lang_ok",
            "uip_key": "lang_ok",
            "uip_value": "",
            "uip_default": "0",
            "uip_title": "多语言",
            "uip_description": "",
            "uip_order": "27",
            "uip_hidden": "0"
        },
        {
            "parent_name": "head_nav",
            "ui_name": "met_76_2",
            "uip_type": "4",
            "uip_style": "0",
            "uip_select": "开启$T$1$M$关闭$T$0",
            "uip_name": "simplified",
            "uip_key": "simplified",
            "uip_value": "",
            "uip_default": "0",
            "uip_title": "简繁体",
            "uip_description": "",
            "uip_order": "29",
            "uip_hidden": "0"
        },
        {
            "parent_name": "head_nav",
            "ui_name": "met_76_2",
            "uip_type": "4",
            "uip_style": "0",
            "uip_select": "开启$T$1$M$关闭$T$0",
            "uip_name": "member",
            "uip_key": "member",
            "uip_value": "",
            "uip_default": "0",
            "uip_title": "会员",
            "uip_description": "",
            "uip_order": "30",
            "uip_hidden": "0"
        },
        {
            "parent_name": "head_nav",
            "ui_name": "met_76_2",
            "uip_type": "9",
            "uip_style": "0",
            "uip_select": "",
            "uip_name": "bgcolor",
            "uip_key": "bgcolor-1",
            "uip_value": "",
            "uip_default": "",
            "uip_title": "区块背景色",
            "uip_description": "默认为网站背景色",
            "uip_order": "60",
            "uip_hidden": "1"
        },
        {
            "parent_name": "head_nav",
            "ui_name": "met_76_2",
            "uip_type": "7",
            "uip_style": "0",
            "uip_select": "",
            "uip_name": "bgpic",
            "uip_key": "bgpic-1",
            "uip_value": "",
            "uip_default": "",
            "uip_title": "区块背景图",
            "uip_description": "建议上传宽为1920px，高自定义的图片",
            "uip_order": "61",
            "uip_hidden": "1"
        },
        {
            "parent_name": "head_nav",
            "ui_name": "met_76_2",
            "uip_type": "9",
            "uip_style": "0",
            "uip_select": "",
            "uip_name": "nav_color",
            "uip_key": "nav_color",
            "uip_value": "",
            "uip_default": "",
            "uip_title": "导航栏文字颜色",
            "uip_description": "默认为模板主色调",
            "uip_order": "62",
            "uip_hidden": "1"
        },
        {
            "parent_name": "head_nav",
            "ui_name": "met_76_2",
            "uip_type": "9",
            "uip_style": "0",
            "uip_select": "",
            "uip_name": "active_nav_bg",
            "uip_key": "active_nav_bg",
            "uip_value": "",
            "uip_default": "",
            "uip_title": "导航栏选中背景色",
            "uip_description": "默认为模板配色调",
            "uip_order": "63",
            "uip_hidden": "1"
        },
        {
            "parent_name": "head_nav",
            "ui_name": "met_76_2",
            "uip_type": "9",
            "uip_style": "0",
            "uip_select": "",
            "uip_name": "active_nav_color",
            "uip_key": "active_nav_color",
            "uip_value": "",
            "uip_default": "#ffffff",
            "uip_title": "导航栏选中文字颜色",
            "uip_description": "默认为#ffffff",
            "uip_order": "64",
            "uip_hidden": "1"
        },
        {
            "parent_name": "head_nav",
            "ui_name": "met_76_2",
            "uip_type": "9",
            "uip_style": "0",
            "uip_select": "",
            "uip_name": "spinner_bg",
            "uip_key": "spinner_bg",
            "uip_value": "",
            "uip_default": "",
            "uip_title": "下拉列表背景颜色",
            "uip_description": "默认为网站背景色",
            "uip_order": "70",
            "uip_hidden": "1"
        },
        {
            "parent_name": "head_nav",
            "ui_name": "met_76_2",
            "uip_type": "9",
            "uip_style": "0",
            "uip_select": "",
            "uip_name": "select_color",
            "uip_key": "select_color-1",
            "uip_value": "",
            "uip_default": "",
            "uip_title": "下拉列表文字颜色",
            "uip_description": "默认为模板主色调",
            "uip_order": "71",
            "uip_hidden": "1"
        },
        {
            "parent_name": "head_nav",
            "ui_name": "met_76_2",
            "uip_type": "9",
            "uip_style": "0",
            "uip_select": "",
            "uip_name": "select_active_bg",
            "uip_key": "select_active_bg",
            "uip_value": "",
            "uip_default": "",
            "uip_title": "鼠标经过下拉列表背景色",
            "uip_description": "默认为模板配色调",
            "uip_order": "72",
            "uip_hidden": "1"
        },
        {
            "parent_name": "head_nav",
            "ui_name": "met_76_2",
            "uip_type": "9",
            "uip_style": "0",
            "uip_select": "",
            "uip_name": "select_active_color",
            "uip_key": "select_active_color",
            "uip_value": "",
            "uip_default": "#ffffff",
            "uip_title": "鼠标经过下拉列表文字颜色",
            "uip_description": "默认为#ffffff",
            "uip_order": "73",
            "uip_hidden": "1"
        },
        {
            "parent_name": "head_nav",
            "ui_name": "met_76_2",
            "uip_type": "9",
            "uip_style": "0",
            "uip_select": "",
            "uip_name": "login_color",
            "uip_key": "login_color",
            "uip_value": "",
            "uip_default": "",
            "uip_title": "登录注册按钮颜色",
            "uip_description": "默认为模板配色调",
            "uip_order": "74",
            "uip_hidden": "1"
        },
        {
            "parent_name": "head_nav",
            "ui_name": "met_76_2",
            "uip_type": "9",
            "uip_style": "0",
            "uip_select": "",
            "uip_name": "dot_color",
            "uip_key": "dot_color",
            "uip_value": "",
            "uip_default": "",
            "uip_title": "分页器小点颜色",
            "uip_description": "默认为网站副色调",
            "uip_order": "80",
            "uip_hidden": "1"
        },
        {
            "parent_name": "head_nav",
            "ui_name": "met_76_2",
            "uip_type": "9",
            "uip_style": "0",
            "uip_select": "",
            "uip_name": "dot_color_active",
            "uip_key": "dot_color_active",
            "uip_value": "",
            "uip_default": "",
            "uip_title": "分页器小点选中颜色",
            "uip_description": "默认为网站配色调",
            "uip_order": "81",
            "uip_hidden": "1"
        }
    ]
}